,Product Name,Product Price,Minimum Order
0,"Glass Bowl set 3 piece with lunch box bag glass lunch container high borosilicate glass food container
$0.66 - $0.70
2 Pieces (MOQ)",$0.66 - $0.70,2 Pieces
1,"Factory direct sale olive oil bottle borosilicate cooking oil and vinegar glass dispenser storage bottle
$0.09 - $0.88
1 Piece (MOQ)",$0.09 - $0.88,1 Piece
2,"hanging garbage bag storage box creative kitchen plastic bag shopping bag storage box wall-mounted storage rack
$1.15 - $1.40
1 Piece (MOQ)",$1.15 - $1.40,1 Piece
3,"Dog Chew Toys Nontoxic Bite Resistant Dog Interactive Toy for Small/Medium/Large Dogs Teeth Cleaning IQ Training
$4.39 - $6.69
50 Pieces (MOQ)",$4.39 - $6.69,50 Pieces
4,"China manufacturer creative breakfast oatmeal cups milk personality trend mark couples drinking home ceramic coffee mug
$2.20 - $3.50
1 Piece",$2.20 - $3.50,1 Piece
5,"Promotional Various Durable Using Restaurants Household Indoor Pedal Large Trash Can With Lid
$6.09
100 Pieces (MOQ)",$6.09,100 Pieces
6,"Agave plants Agave potatorum var. verschaffelti hot sale decoration succulents plants
$8.99 - $12.99
50 Pieces (MOQ)",$8.99 - $12.99,50 Pieces
7,"Wholesale Professional Pet Grooming cat straight scissors Set Package For Pet Groomer pet scissors shears for cat.
$16.00 - $22.00
2 Pieces (MOQ)",$16.00 - $22.00,2 Pieces
8,"Pet Snacks Cat Food Goat Milk Pudding Cat Jelly Pet Kitten Adult Cat Healthy Protect Stomach Pet Supplies
$1.90 - $7.00
1 Piece (MOQ)",$1.90 - $7.00,1 Piece
9,"Wholesale Pet Dog Clothes Autumn Winter Clothing Hoodies Cute Fashion Design Pet Dog Clothes
$6.20 - $6.60
2 Pieces",$6.20 - $6.60,2 Pieces
10,"Wheat Straw Dumpling Dish Kitchen Double-layer Plate Dumpling Plate Fan-shaped Plate
$0.39 - $0.46
5 Pieces (MOQ)",$0.39 - $0.46,5 Pieces
11,"Hot Sale Gift Plastic Mug With Wooden Handle Plastic Coffee Mug
$0.59 - $0.67
10 Pieces (MOQ)",$0.59 - $0.67,10 Pieces
12,"Stainless Steel Vacuum Flask Portable Double Layer Thermos Travel Thermos Mug Compact Mini Straight Water Cup Home Supplies
$2.70 - $2.90
3 Pieces (MOQ)",$2.70 - $2.90,3 Pieces
13,"Food And Drink Training Cat Easy Puppy Smart Interactive Puzzle Game Dog Toys
$2.58 - $3.58
1 Piece (MOQ)",$2.58 - $3.58,1 Piece
14,"0854 Home Decoration Resin Crystal Epoxy Swing Table Large Coaster Mold DIY Tea Tray Fruit Tray Silicone Mold
$1.12 - $8.00
10 Pieces",$1.12 - $8.00,10 Pieces
15,"Petshop Fashion Pet Shoes Waterproof Raining Dog Shoes Dog Boot
$1.06 - $2.44
12 Pieces (MOQ)",$1.06 - $2.44,12 Pieces
16,"Student Portable Nordic Wheat Lunch Box Office Sealed Three-grid Fresh-keeping Can Be Microwaved Heating Lunch Box 300 Pcs 0-1KG
$0.86 - $0.92
300 Pieces (MOQ)",$0.86 - $0.92,300 Pieces
17,"Double Canopy 27inch *8k Big Oversize Reverse Inverted Umbrella With Logo Prints
$2.21 - $3.86
50 Pieces (MOQ)",$2.21 - $3.86,50 Pieces
18,"Punch-free bathroom shelf plastic toilet bathroom vanity wall hanging storage rack basket cosmetics organizer rack
$0.60 - $0.90
2 Pieces (MOQ)",$0.60 - $0.90,2 Pieces
19,"Microwave Safe1oz 2oz 3oz 4oz Disposable Hinged Lid Pp Sauce Cups Bpa Free
$0.01 - $0.04
1000 Pieces",$0.01 - $0.04,1000 Pieces
20,"New Style Vegetable Steamer Basket, Silicone Collapsible Steamer Insert Newest
$2.30
5 Boxes (MOQ)",$2.30,5 Boxes
21,"Small aquarium temperature control submerged fish tank heater With LED Display 300W 500W 800W 1000W
$8.00 - $16.00
1 Piece (MOQ)",$8.00 - $16.00,1 Piece
22,"Small Transparent Food Grade Hermetic Airtight Plastic Cereal Storage Container Set Snack Food Storage Box
$3.60 - $4.20
360 Pieces (MOQ)",$3.60 - $4.20,360 Pieces
23,"12oz 304 stainless steel red wine glass pot-bellied egg u-shaped stainless steel vacuum beer mug
$2.20 - $2.90
2 Pieces (MOQ)",$2.20 - $2.90,2 Pieces
24,"Skeleton Coffee Mug Double-Layered Transparent Crystal Head Glass Cup For Halloween Whiskey Wine Vodka Bar Club Beer Wine Glass
$0.55 - $1.29
2 Pieces",$0.55 - $1.29,2 Pieces
25,"Hot Sale In Stock 3 Pieces Food Grade PP Plastic Salad Tongs Kitchen Serving Tongs
$1.20 - $1.90
5 Sets (MOQ)",$1.20 - $1.90,5 Sets
26,"Coffee Mug MBA917053
$3.39 - $4.44
1 Piece (MOQ)",$3.39 - $4.44,1 Piece
27,"Household Thick Heat Resistant Explosion Proof Glass Tea Pot With Bamboo Lid And Handle High Borosilicate Glass Teapot 1800ml
$2.26 - $3.95
36 Pieces (MOQ)",$2.26 - $3.95,36 Pieces
28,"1.0L CREATIVE DESIGN TOP QUALITY KETTLE THERMAL JUG FOR HOME USE
$16.80 - $18.50
600 Pieces (MOQ)",$16.80 - $18.50,600 Pieces
29,"Fashion Colorful Printed cotton pet parent-child Pet Dog T-shirt Match Owner and Dog Clothes accesorio para mascotas Apparel
$4.80 - $10.20
2 Pieces",$4.80 - $10.20,2 Pieces
30,"Wholesale Half Gallon 32 Oz Motivational Sports Water Bottle With Time Marker Large Bpa Free Jug Handle
$2.10 - $4.50
2 Pieces (MOQ)",$2.10 - $4.50,2 Pieces
31,"Factory Direct Stainless Steel Knife Fork Spoon Set 12//24/36 PCS Travel Cutlery Set with Case
$5.90 - $12.50
1 Set (MOQ)",$5.90 - $12.50,1 Set
32,"Chinese Wholesale Space Saving microfiber magic flat tablet mop set squeeze flat mop
$2.00
20 Pieces (MOQ)",$2.00,20 Pieces
33,"Sell Well Large Capacity Cosmetic Storage Box Dustproof Transparent Plastic Wall Shelves For Home
$5.12 - $5.47
1 Piece (MOQ)",$5.12 - $5.47,1 Piece
34,"12 piece kitchen holder kitchenware accessories wooden cake cooking tool silicone kitchen utensil set
$0.60 - $0.90
2 Pieces",$0.60 - $0.90,2 Pieces
35,"Mute Diy Frameless Large reloj 3d romano de pared moderno Roman 3D Sticker Numerals Innovation Digital Wall Clock
$4.53 - $6.12
1 Piece (MOQ)",$4.53 - $6.12,1 Piece
36,"Skeleton Coffee Mug Double-Layered Transparent Crystal Head Glass Cup For Halloween Whiskey Wine Vodka Bar Club Beer Wine Glass
$0.55 - $1.29
2 Pieces (MOQ)",$0.55 - $1.29,2 Pieces
37,"Glass Bowl set 3 piece with lunch box bag glass lunch container high borosilicate glass food container
$0.66 - $0.70
2 Pieces (MOQ)",$0.66 - $0.70,2 Pieces
38,"Stainless Steel Vacuum Flask Portable Double Layer Thermos Travel Thermos Mug Compact Mini Straight Water Cup Home Supplies
$2.70 - $2.90
3 Pieces (MOQ)",$2.70 - $2.90,3 Pieces
39,"Hot Sale In Stock 3 Pieces Food Grade PP Plastic Salad Tongs Kitchen Serving Tongs
$1.20 - $1.90
5 Sets",$1.20 - $1.90,5 Sets
40,"Coffee Mug MBA917053
$3.39 - $4.44
1 Piece (MOQ)",$3.39 - $4.44,1 Piece
41,"Factory direct sale olive oil bottle borosilicate cooking oil and vinegar glass dispenser storage bottle
$0.09 - $0.88
1 Piece (MOQ)",$0.09 - $0.88,1 Piece
42,"New Style Vegetable Steamer Basket, Silicone Collapsible Steamer Insert Newest
$2.30
5 Boxes (MOQ)",$2.30,5 Boxes
43,"Household Thick Heat Resistant Explosion Proof Glass Tea Pot With Bamboo Lid And Handle High Borosilicate Glass Teapot 1800ml
$2.26 - $3.95
36 Pieces (MOQ)",$2.26 - $3.95,36 Pieces
44,"hanging garbage bag storage box creative kitchen plastic bag shopping bag storage box wall-mounted storage rack
$1.15 - $1.40
1 Piece",$1.15 - $1.40,1 Piece
45,"Wheat Straw Dumpling Dish Kitchen Double-layer Plate Dumpling Plate Fan-shaped Plate
$0.39 - $0.46
5 Pieces (MOQ)",$0.39 - $0.46,5 Pieces
46,"1.0L CREATIVE DESIGN TOP QUALITY KETTLE THERMAL JUG FOR HOME USE
$16.80 - $18.50
600 Pieces (MOQ)",$16.80 - $18.50,600 Pieces
47,"Fashion Colorful Printed cotton pet parent-child Pet Dog T-shirt Match Owner and Dog Clothes accesorio para mascotas Apparel
$4.80 - $10.20
2 Pieces (MOQ)",$4.80 - $10.20,2 Pieces
48,"Wholesale Half Gallon 32 Oz Motivational Sports Water Bottle With Time Marker Large Bpa Free Jug Handle
$2.10 - $4.50
2 Pieces (MOQ)",$2.10 - $4.50,2 Pieces
49,"Factory Direct Stainless Steel Knife Fork Spoon Set 12//24/36 PCS Travel Cutlery Set with Case
$5.90 - $12.50
1 Set (MOQ)",$5.90 - $12.50,1 Set
50,"Chinese Wholesale Space Saving microfiber magic flat tablet mop set squeeze flat mop
$2.00
20 Pieces (MOQ)",$2.00,20 Pieces
51,"Sell Well Large Capacity Cosmetic Storage Box Dustproof Transparent Plastic Wall Shelves For Home
$5.12 - $5.47
1 Piece (MOQ)",$5.12 - $5.47,1 Piece
52,"12 piece kitchen holder kitchenware accessories wooden cake cooking tool silicone kitchen utensil set
$0.60 - $0.90
2 Pieces (MOQ)",$0.60 - $0.90,2 Pieces
53,"Promotional Various Durable Using Restaurants Household Indoor Pedal Large Trash Can With Lid
$6.09
100 Pieces (MOQ)",$6.09,100 Pieces
54,"Punch-free bathroom shelf plastic toilet bathroom vanity wall hanging storage rack basket cosmetics organizer rack
$0.60 - $0.90
2 Pieces",$0.60 - $0.90,2 Pieces
55,"Mute Diy Frameless Large reloj 3d romano de pared moderno Roman 3D Sticker Numerals Innovation Digital Wall Clock
$4.53 - $6.12
1 Piece (MOQ)",$4.53 - $6.12,1 Piece
56,"strawberry shape baby teether toys, baby silicone teether toy, silicone baby teether toys
$0.30 - $0.33
5 Pieces (MOQ)",$0.30 - $0.33,5 Pieces
57,"12oz 304 stainless steel red wine glass pot-bellied egg u-shaped stainless steel vacuum beer mug
$2.20 - $2.90
2 Pieces (MOQ)",$2.20 - $2.90,2 Pieces
58,"Sticky Cleaning Lint Roller with Plastic Cover Pet Hair Remover Cloth Dust Remover
$0.30 - $0.50
100 Pieces (MOQ)",$0.30 - $0.50,100 Pieces
59,"coco peat hydroponics reusable strong seed tray for peat pellet peat pellets fuel
$0.45 - $0.60
10 Pieces",$0.45 - $0.60,10 Pieces
60,"2021 new fashion high effect portable electric lunch box food warmer BPA free
$8.39 - $9.49
1 Piece (MOQ)",$8.39 - $9.49,1 Piece
61,"Hot Amazon New Design Product Ideas Kitchen Accessories Tools Multi Functional Durable Crab Claw Walnut Tool
$1.99
2 Pieces (MOQ)",$1.99,2 Pieces
62,"Creative Mug Nordic Ins Ceramic Drinkware With Spoon Cover Couple A Pair Of Personalized Trend Coffee Cups
$4.50
36 Pieces (MOQ)",$4.50,36 Pieces
63,"Wholesale Food Storage 32 Oz Lids Wide Mouth 8 Oz Mason Jars Candle 16oz For Making
$0.20 - $0.50
500 Pieces (MOQ)",$0.20 - $0.50,500 Pieces
64,"100ML Kitchen Seasoning Container Jar Spice Salt Pepper Shakers Portable Camping BBQ Empty Plastic Spice Bottles
$0.09 - $0.12
100 Pieces",$0.09 - $0.12,100 Pieces
65,"Student Portable Nordic Wheat Lunch Box Office Sealed Three-grid Fresh-keeping Can Be Microwaved Heating Lunch Box 300 Pcs 0-1KG
$0.86 - $0.92
300 Pieces (MOQ)",$0.86 - $0.92,300 Pieces
66,"AA355 Vertical Rotatable 5 Layer Spice Storage Box Rotatable Spice Jars Case Practical Seasoning Box Kitchen Storage Container
$1.50 - $1.70
80 Pieces (MOQ)",$1.50 - $1.70,80 Pieces
67,"2022 New Arrival Replacement Cat Mint Ball, Cats Rotatable Catnip Ball catnip Wall Lick Treat Toys For Cats
$0.52 - $0.75
2 Pieces (MOQ)",$0.52 - $0.75,2 Pieces
68,"Small Transparent Food Grade Hermetic Airtight Plastic Cereal Storage Container Set Snack Food Storage Box
$3.60 - $4.20
360 Pieces (MOQ)",$3.60 - $4.20,360 Pieces
69,"Cheap Square sushi roll machine onigiri sushi machinery sushi making machine
$850.00
1 Set (MOQ)",$850.00,1 Set
70,"Marble Pattern Porcelain Retro Brushed Five-piece Handmade Ceramic Bathroom Set
$6.77 - $7.08
50 Sets (MOQ)",$6.77 - $7.08,50 Sets
71,"Haixin Transparent Rectangle Foldable Shoe box organizer Clear White Portable Drop Front Organizers shoe plastic box
$2.32 - $3.16
72 Pieces (MOQ)",$2.32 - $3.16,72 Pieces
72,"Modern Minimalist Cartoon Love Pattern Color Changing Single-Layer Plastic Drink Cup
$1.25 - $1.43
2 Pieces (MOQ)",$1.25 - $1.43,2 Pieces
73,"2022 New Arrival Cheap Natural Bamboo Pizza Peels Multi-functional large charcuterie custom Premium board Bamboo board tray
$4.99 - $5.71
10 Pieces (MOQ)",$4.99 - $5.71,10 Pieces
74,"Pet Snacks Cat Food Goat Milk Pudding Cat Jelly Pet Kitten Adult Cat Healthy Protect Stomach Pet Supplies
$1.90 - $7.00
1 Piece",$1.90 - $7.00,1 Piece
75,"Automatic Extendable Traction Training Pet Lead Manufacturer Wholesale Heavy Duty Auto Dog Leash Retractable Dog Leash
$1.35 - $1.95
20 Pieces (MOQ)",$1.35 - $1.95,20 Pieces
76,"Double Canopy 27inch *8k Big Oversize Reverse Inverted Umbrella With Logo Prints
$2.21 - $3.86
50 Pieces (MOQ)",$2.21 - $3.86,50 Pieces
77,"2022 Custom Different Size Glass Storage Bombonne With Sealed Wooden Lid Portable Clear Food Storage Bottle
$3.99 - $5.22
10 Pieces (MOQ)",$3.99 - $5.22,10 Pieces
78,"Creative ceramic relief plain white rectangular Western dinner plate restaurant steamed fish plate baking plate cake dessert pla
$5.00 - $8.00
5 Pieces (MOQ)",$5.00 - $8.00,5 Pieces
79,"Amazon New Gradient Rainbow Color Water Cup Straight Double-Layer Plastic Straw Cup 450ml
$3.46 - $3.67
50 Pieces",$3.46 - $3.67,50 Pieces
80,"Kitchen sink wall hanging asphalt dishcloth storage rack
$1.69 - $1.73
1 Piece (MOQ)",$1.69 - $1.73,1 Piece
81,"Simulated small potted plants iron shelves living room ornaments wedding decorations artificial pot plants fake bonsai
$3.41 - $3.98
50 Pieces (MOQ)",$3.41 - $3.98,50 Pieces
82,"Food And Drink Training Cat Easy Puppy Smart Interactive Puzzle Game Dog Toys
$2.58 - $3.58
1 Piece (MOQ)",$2.58 - $3.58,1 Piece
83,"wholesale manufacturer slicker pet grooming fur brushes for dogs and cats
$0.95 - $1.45
10 Pieces (MOQ)",$0.95 - $1.45,10 Pieces
84,"Durable Exquisite Reusable Dessert Cake Fruit Cutlery 304 Stainless Steel Fork
$0.44
2 Pieces",$0.44,2 Pieces
85,"Amazon hot sale grooming cleaning tools remover flea safe comb metal stainless steel grooming dematting hair pet brush comb
$2.29 - $2.72
2 Sets (MOQ)",$2.29 - $2.72,2 Sets
86,"Small aquarium temperature control submerged fish tank heater With LED Display 300W 500W 800W 1000W
$8.00 - $16.00
1 Piece (MOQ)",$8.00 - $16.00,1 Piece
87,"Fashionable and generous Pet cute Dress cheap Dog Dress Clothes China Dress Apparel Suppliers
$3.10 - $3.92
3 Pieces (MOQ)",$3.10 - $3.92,3 Pieces
88,"Paper towel box with wood cover Custom logo rectangular creative advertising paper towel box living room coffee table car paper
$1.12
2 Pieces (MOQ)",$1.12,2 Pieces
89,"Drain basket Round retractable folding kitchen multi-functional drain basket 2 in one-piece set strainers plastic colander
$0.48 - $1.14
100 Pieces",$0.48 - $1.14,100 Pieces
90,"Double-side Magnetic Window Cleaner Magnetic Glass Cleaner Magnetic Window Cleaner Glass Brush Household Window Cleaning Tool
$11.00 - $26.00
10 Pieces (MOQ)",$11.00 - $26.00,10 Pieces
91,"Cat Laser Toy Automatic Interactive Toys for Cats Kitten Dogs USB Charging and Battery Powered 5 Random Pattern Fast Slow Light
$9.00 - $9.50
2 Pieces (MOQ)",$9.00 - $9.50,2 Pieces
92,"Dalian Kaixuan Customizable Biodegradable And Compostable Wooden Ice Cream Spoon For Gelato
$40.00
1 Carton (MOQ)",$40.00,1 Carton
93,"Luminous Artificial Stone Aquarium Fish Tank Decor Accessories Garden Fish Tank Landscaping Artificial Pebble Artificial Stone
$1.46 - $1.59
10 Bags (MOQ)",$1.46 - $1.59,10 Bags
94,"250ml 350ml Gooseneck Pour Over Stainless Steel Drip Coffee Kettle Pot
$5.59 - $6.25
5 Pieces",$5.59 - $6.25,5 Pieces
95,"Bamboo Adjustable Storage Box for Sundries Multi-Function Drawer Organizer Eco Natural Wood Box Kitchen Utensil Holders
$7.50 - $9.00
10 Pieces (MOQ)",$7.50 - $9.00,10 Pieces
96,"Add-on Copper Metal Pant Skirt Hangers with Clips, Multi Stackable Add on Trouser Hangers
$1.80 - $1.90
32 Pieces (MOQ)",$1.80 - $1.90,32 Pieces
97,"Wholesale Professional Pet Grooming cat straight scissors Set Package For Pet Groomer pet scissors shears for cat.
$16.00 - $22.00
2 Pieces (MOQ)",$16.00 - $22.00,2 Pieces
98,"6PCS Baby Dinner plates food grade silicone tableware baby feeding set
$7.80 - $8.30
2 Pieces (MOQ)",$7.80 - $8.30,2 Pieces
99,"Manufacturer Custom Soft Adjustable Reflective Nylon Dog Collar with Safety Locking Buckle Fashion Dog Collar and Leash Set
$2.83 - $3.10
10 Pieces",$2.83 - $3.10,10 Pieces
100,"Natural Linen Reusable Drawstring Eco Friendly Veggie Loaf Cloth Bags Baguette Storage Fabric Bread Bag for Home Made Bread
$4.80 - $5.16
5 Sets (MOQ)",$4.80 - $5.16,5 Sets
101,"Stackable Stainless Steel Pint Cups 16oz Set Metal Drinking Glasses Single Wall Multicolor Tumblers For Camping
$0.79 - $1.22
2 Pieces (MOQ)",$0.79 - $1.22,2 Pieces
102,"Wholesale Kitchen Gadgets 10 Inch Long Wood Handle Stainless Steel Serrated Blade Toast Ham Cake Bread Cutter Cake Knife Scraper
$0.70 - $0.85
10 Pieces (MOQ)",$0.70 - $0.85,10 Pieces
103,"Dog Chew Toys Nontoxic Bite Resistant Dog Interactive Toy for Small/Medium/Large Dogs Teeth Cleaning IQ Training
$4.39 - $6.69
50 Pieces (MOQ)",$4.39 - $6.69,50 Pieces
104,"Wholesale 30oz Double Wall Vacuum Insulated Travel Coffee Mug Tumbler Stainless Steel Tumbler Cup Mug with water proof Lid
$0.99 - $4.29
2 Acres",$0.99 - $4.29,2 Acres
105,"Lixsun Rose Silicone Mould Flower Silicone Mold For Cake Fondant Chocolate Mold Cake Decorating Baking Tools
$0.80 - $1.30
2 Pieces (MOQ)",$0.80 - $1.30,2 Pieces
106,"Wholesale Pet Dog Clothes Autumn Winter Clothing Hoodies Cute Fashion Design Pet Dog Clothes
$6.20 - $6.60
2 Pieces (MOQ)",$6.20 - $6.60,2 Pieces
107,"Lovely Dog Collar With Bells Durable Padded Personalized Pet ID Collars For Small Medium Large Dogs Cat Candy Color
$0.70 - $0.87
115 Pieces (MOQ)",$0.70 - $0.87,115 Pieces
108,"3Pcs Ice Shovel Set Flour Utility Plastic Bar Ice Scooper for Ice Maker
$0.54 - $0.63
1 Set (MOQ)",$0.54 - $0.63,1 Set
109,"Agave plants Agave potatorum var. verschaffelti hot sale decoration succulents plants
$8.99 - $12.99
50 Pieces",$8.99 - $12.99,50 Pieces
110,"Soft Short Plush Cotton Warm Winter Fleece Pet Sleep Blanket Cushion Mat
$3.08 - $3.55
1 Piece (MOQ)",$3.08 - $3.55,1 Piece
111,"high borolicicate pyrex transparent glass cooking pot
$3.10 - $3.50
100 Pieces (MOQ)",$3.10 - $3.50,100 Pieces
112,"CXT013 24pcs/6 Person Use Tableware Set 401#Stainless Steel Luxury Flatware Set Knife Fork Spoon Gift Box Dinner Set
$9.65 - $15.31
12 Sets (MOQ)",$9.65 - $15.31,12 Sets
113,"Nordic Style Coffee Mugs Ceramic Porcelain with Wooden Handle and Lid Water Tea Milk Drinking Cups Gift Box Home Office
$1.58 - $2.15
1000 Pieces (MOQ)",$1.58 - $2.15,1000 Pieces
114,"luxury modern pet transparent plastic clear tissue box
$1.50 - $1.90
1 Piece",$1.50 - $1.90,1 Piece
115,"Petshop Fashion Pet Shoes Waterproof Raining Dog Shoes Dog Boot
$1.06 - $2.44
12 Pieces (MOQ)",$1.06 - $2.44,12 Pieces
116,"custom ceramic cups japan travel mug mugs ceramic coffee cup
$1.10 - $2.41
48 Pieces (MOQ)",$1.10 - $2.41,48 Pieces
117,"Factory Wholesale Durable Cat Scratcher Cardboard Corrugated Paper Cat Toys
$1.71 - $1.93
50 Pieces (MOQ)",$1.71 - $1.93,50 Pieces
118,"Bakest Golden Non Stick French Baguette Baking Pan Carbon Steel Long Bread Baking Tray
$3.75 - $3.82
25 Pieces (MOQ)",$3.75 - $3.82,25 Pieces
119,"Cartoon ceramic water cup breakfast cup custom logo coffee mug
$1.92
60 Pieces",$1.92,60 Pieces
120,"Microwave Safe1oz 2oz 3oz 4oz Disposable Hinged Lid Pp Sauce Cups Bpa Free
$0.01 - $0.04
1000 Pieces (MOQ)",$0.01 - $0.04,1000 Pieces
121,"New Products Promotional Cheap Sublimation Blank Metal Stainless Steel Bottle Opener Popular Wine Opener
$0.28 - $0.35
1 Piece (MOQ)",$0.28 - $0.35,1 Piece
122,"Infant Nipple Sippy No-Spill BPA Free for DIY Printing White Sublimation Blanks 12oz 350ml Straight Drinking Water Cup
$3.05 - $3.78
2 Pieces (MOQ)",$3.05 - $3.78,2 Pieces
123,"5Pc Bamboo Ziplock Bag Storage Organizer, Baggie Holder Compatible with Ziploc, Solimo, Glad, Storage Dispenser
$6.50 - $65.00
1 Set (MOQ)",$6.50 - $65.00,1 Set
124,"Dog Shirts Pet Printed Clothes with Printed Funny Letters Summer Pet T-Shirts Cool Puppy Shirts Breathable Outfit Soft Dog
$2.05 - $2.50
50 Pieces",$2.05 - $2.50,50 Pieces
125,"Hot Sale Gift Plastic Mug With Wooden Handle Plastic Coffee Mug
$0.59 - $0.67
10 Pieces (MOQ)",$0.59 - $0.67,10 Pieces
126,"Little Flower aromatherapy candle silicone mold DIY Korean simple Tulip fragrant stone aromatherapy gypsum flower mold
$2.50 - $5.00
5 Pieces (MOQ)",$2.50 - $5.00,5 Pieces
127,"Modern home decorations, metal craft, plant-shaped ornaments
$1.43 - $2.82
10 Pieces (MOQ)",$1.43 - $2.82,10 Pieces
128,"Lelyi Nordic ceramic mug ins simple home office coffee cup and saucer set with spoon
$2.60 - $4.05
20 Pieces (MOQ)",$2.60 - $4.05,20 Pieces
129,"BPA Free Plastic Cereal Containers with Lids for Kitchen Pantry Organization Airtight Food Storage Container
$0.95 - $1.10
72 Pieces",$0.95 - $1.10,72 Pieces
130,"Factory Wholesale 1Pcs Long Handle Glass Cleaning Brush Bottle Tea Cup Sponge Cleaner Kitchen Tool Sponge Brush Random Color
$0.07
50 Pieces (MOQ)",$0.07,50 Pieces
131,"Round Rope Storage Baskets Small Nursery Baskets for Baby Kid Toys Soft Cotton Basket
$1.48 - $2.10
2 Pieces (MOQ)",$1.48 - $2.10,2 Pieces
132,"D377 Sunflower cup pad resin Silicone coaster mold DIY epoxy resin tray silicone mold
$1.18 - $2.25
10 Pieces (MOQ)",$1.18 - $2.25,10 Pieces
133,"China manufacturer creative breakfast oatmeal cups milk personality trend mark couples drinking home ceramic coffee mug
$2.20 - $3.50
1 Piece (MOQ)",$2.20 - $3.50,1 Piece
134,"Custom Europe And America Thick Waterproof Mildew Shower Curtain Polyester Bathroom Curtain
$4.00 - $4.30
2 Pieces",$4.00 - $4.30,2 Pieces
135,"Harnais Pour Chien Soft Comfortable High Quality Fashion Adjustable No Pull Dog Harness Vest And Dog Leash Sets
$1.54 - $1.84
2 Pieces (MOQ)",$1.54 - $1.84,2 Pieces
136,"Five Colors Best Selling Ceramic Coffee Mugs Gift Cup Dessert Mug
$1.60 - $3.80
20 Pieces (MOQ)",$1.60 - $3.80,20 Pieces
137,"Laser logo kids training silicone sippy cup eco friendly healthy silicone baby training water cup
$3.16 - $3.41
5 Sets (MOQ)",$3.16 - $3.41,5 Sets
138,"Manufacturer Pet Training Products(old) Tactical Soft Pet No Pull Adjustable Security Dog Harness
$8.99 - $14.99
1 Piece (MOQ)",$8.99 - $14.99,1 Piece
139,"Dog Shirt For Pet Clothes Puppy T-Shirts Cat Tee Breathable Stretchy Quick Dry Soft Stretchy Dog T-Shirts Sleeveless Vest Dog
$1.10 - $1.30
50 Pieces",$1.10 - $1.30,50 Pieces
140,"Cheap Hand Painted Large Blue and White Ceramic Vase
$68.00 - $88.00
2 Pieces (MOQ)",$68.00 - $88.00,2 Pieces
141,"Release Buckle For Pet Collars Nylon Webbing Pet Dog Collar Nylon Dog Collar
$0.41 - $0.73
10 Pieces (MOQ)",$0.41 - $0.73,10 Pieces
142,"2021 Hot Sell morning remind sunlight Child student kids led wake up light alarm clock
$15.50 - $18.00
1 Piece (MOQ)",$15.50 - $18.00,1 Piece
143,"0854 Home Decoration Resin Crystal Epoxy Swing Table Large Coaster Mold DIY Tea Tray Fruit Tray Silicone Mold
$1.12 - $8.00
10 Pieces (MOQ)",$1.12 - $8.00,10 Pieces
